Date,Close,High,Low,Open,Volume
2017-02-07,9894.950751953125,10080.688251953125,9881.997124023437,10064.178251953124,138216
2017-02-08,9886.505375976563,9945.624248046875,9859.3275,9942.067875976563,150964
2017-02-09,9831.07,9907.206748046876,9805.924248046875,9890.823251953125,150141
2017-02-10,9611.740751953124,9747.186748046875,9596.882124023437,9745.154624023438,185937
2017-02-11,9653.714624023438,9695.307124023439,9627.933251953125,9666.795375976562,156804
2017-02-14,9606.089624023438,9658.477124023437,9517.824624023438,9559.861748046875,185646
2017-02-15,9538.080751953124,9637.140751953126,9509.505751953126,9635.744248046874,169881
2017-02-16,9604.247875976562,9640.506748046875,9430.765751953126,9598.532875976563,222805
2017-02-17,9571.735751953125,9658.095751953126,9453.625751953125,9483.597875976562,199892
2017-02-18,9446.005751953126,9609.455,9432.670751953125,9603.295375976562,199226
2017-02-21,9335.77,9478.835375976563,9317.227875976563,9423.844624023437,237604
2017-02-22,9442.577124023437,9477.692500000001,9352.470375976563,9374.885751953125,187634
2017-02-23,9282.810751953126,9488.042875976562,9196.705,9343.39,231840
2017-02-24,9241.535751953124,9396.349248046876,9207.5,9368.345375976563,241706
2017-02-25,9426.511748046874,9440.417875976562,9306.052124023438,9341.739248046875,232970
2017-02-28,9443.910375976562,9508.680375976563,9424.924248046875,9485.3125,164930
2017-03-02,9445.942500000001,9496.932875976563,9423.019248046876,9486.392124023438,185103
2017-03-03,9429.305375976563,9485.439624023438,9410.192124023437,9431.655,282796
2017-03-04,9605.708251953125,9621.075375976563,9401.555751953125,9414.954624023438,304292
2017-03-07,9596.056748046874,9652.571748046876,9577.3875,9638.665,203863
2017-03-08,9468.548251953125,9621.900751953126,9433.623251953126,9609.645375976563,230915
2017-03-09,9349.485751953125,9422.637875976563,9334.880751953126,9388.411748046876,197821
2017-03-10,9403.08,9470.453251953126,9354.756748046875,9412.541748046875,219158
2017-03-11,9511.157124023437,9529.000375976562,9406.445375976562,9421.1775,241656
2017-03-14,9381.8075,9540.938251953125,9351.264248046875,9511.919248046876,172444
2017-03-15,9268.714248046876,9300.781748046875,9239.440375976563,9276.016748046875,206608
2017-03-16,9163.939248046876,9235.249624023438,9115.7425,9225.660751953124,239202
2017-03-17,8859.964624023438,9154.985375976563,8839.136748046874,9148.572124023438,301382
2017-03-18,8865.806748046874,8934.195751953124,8723.630000000001,8920.035375976562,341653
2017-03-21,9096.946748046876,9122.155751953125,8962.135751953125,8962.834624023437,363770
2017-03-22,8951.2775,9149.905375976563,8937.879248046875,9145.5875,248334
2017-03-23,9027.731748046876,9047.099248046876,8840.025375976562,8964.739624023438,250590
2017-03-24,9133.522500000001,9163.177124023438,9052.369624023439,9115.297875976563,243771
2017-03-25,9157.6525,9178.099624023438,9075.356748046876,9106.598251953124,189857
2017-03-28,9187.878251953125,9210.547875976563,9144.889248046875,9155.239624023438,159583
2017-03-29,9029.128251953125,9196.959248046875,9005.189248046876,9195.180751953125,191024
2017-03-30,8913.749248046875,9005.315751953125,8902.3825,8985.25,201744
2017-03-31,8852.662124023438,8933.434248046875,8840.977875976563,8927.909624023438,293351
2017-04-01,8927.7825,8957.182875976563,8871.077124023437,8939.910751953124,199989
2017-04-04,8873.553251953124,9010.142124023438,8668.765751953126,8954.071748046876,461411
2017-04-05,9172.320751953124,9189.085000000001,8934.577124023437,8938.5775,280934
2017-04-06,9358.439624023438,9373.044624023438,9281.350375976563,9298.559248046875,336718
2017-04-07,9494.012124023438,9504.616748046876,9405.683251953125,9435.528251953125,279395
2017-04-08,9506.394624023438,9532.492875976563,9454.007124023437,9531.857875976562,278195
2017-04-12,9506.330751953124,9559.480375976562,9451.530375976563,9507.727875976563,261233
2017-04-13,9565.385751953125,9574.53,9428.860751953125,9443.847124023438,239419
2017-04-14,9507.410375976562,9584.817124023437,9458.197875976562,9582.594624023437,229370
2017-04-15,9537.954248046875,9580.816748046875,9474.962124023437,9505.759624023438,197832
2017-04-18,9574.2125,9631.299248046875,9544.113251953126,9579.102124023437,168907
2017-04-19,9474.962124023437,9582.404248046874,9465.055751953125,9570.529624023438,199934
2017-04-20,9523.4125,9535.16,9404.540375976563,9470.453251953126,195100
2017-04-21,9540.938251953125,9633.330751953124,9498.837875976562,9597.897875976563,236374
2017-04-22,9657.524624023437,9669.272124023437,9547.732875976562,9569.005375976563,241026
2017-04-25,9784.397500000001,9796.208251953125,9674.479248046875,9676.384248046876,195351
2017-04-26,9797.922875976563,9814.814248046876,9707.625751953125,9773.348251953124,216925
2017-04-27,9799.955,9813.099624023438,9741.662124023438,9801.161748046876,207212
2017-05-02,9671.177124023438,9841.737875976563,9636.379248046875,9831.07,232756
2017-05-03,9648.19,9719.182875976563,9629.4575,9660.318251953126,220463
2017-05-04,9823.704248046875,9832.276748046876,9707.181748046874,9716.897124023437,233265
2017-05-05,9827.767875976562,9877.552124023438,9781.54,9814.115375976562,367951
2017-05-06,9795.573251953125,9829.990375976562,9735.947124023438,9801.923251953125,178195
2017-05-09,9853.675751953126,9860.851748046874,9784.587875976562,9821.100375976563,157039
2017-05-10,9656.064248046876,9825.100751953125,9637.585375976563,9825.100751953125,210755
2017-05-11,9670.224624023438,9701.085375976563,9641.522500000001,9697.783251953126,162862
2017-05-12,9583.991748046876,9691.0525,9570.529624023438,9690.607875976562,238266
2017-05-13,9595.104248046875,9613.074624023438,9558.909248046875,9578.784624023438,140313
2017-05-16,9742.677875976562,9752.075751953125,9546.399624023437,9623.805751953125,183411
2017-05-17,9790.366748046876,9801.097875976562,9732.454624023438,9739.9475,168785
2017-05-18,9970.071748046876,9988.295751953125,9870.694248046875,9876.980375976562,220107
2017-05-23,10051.669248046876,10059.162124023438,9960.2925,10043.350375976563,183295
2017-05-25,10051.7325,10097.007875976562,10004.488251953126,10096.563251953125,198082
2017-05-26,10048.303251953124,10132.631748046875,10012.807124023439,10101.135375976562,216220
2017-05-27,10032.110751953125,10062.654624023438,9999.154624023438,10022.585751953126,182686
2017-05-30,9975.913251953125,10046.97,9940.29,10026.395751953125,144936
2017-05-31,10112.565375976563,10127.615,9934.638251953125,9941.750375976562,198264
2017-06-01,10134.472875976562,10148.57,10084.498251953126,10086.34,208012
2017-06-02,9966.0075,10149.84,9949.751748046876,10118.597875976562,295669
2017-06-03,9969.245751953125,10019.093251953125,9891.649248046875,9962.1975,245411
2017-06-06,9913.492875976563,9943.845751953126,9877.170751953125,9934.829248046875,145848
2017-06-07,9838.69,10020.6175,9823.640375976564,9937.495751953125,187259
2017-06-08,9787.318251953126,9841.23,9775.5075,9809.670375976562,195422
2017-06-09,9824.085000000001,9877.488251953126,9787.699624023438,9818.37,186096
2017-06-10,9821.481748046876,9828.402875976562,9751.504624023437,9801.415375976563,159451
2017-06-13,9989.883251953124,9999.535375976562,9847.008251953124,9849.1675,167002
2017-06-14,10017.505751953126,10029.062875976562,9953.879248046875,9999.408251953126,166463
2017-06-15,9968.039624023437,10024.237124023437,9881.742875976563,9911.905375976563,220793
2017-06-16,10033.507875976562,10053.383251953124,9969.055375976563,9996.741748046876,147856
2017-06-17,9924.922875976563,10008.87,9885.934248046875,10008.87,185113
2017-06-20,9983.1525,9999.852875976563,9870.630375976563,9945.624248046875,202163
2017-06-21,10021.2525,10083.927124023438,10007.219248046875,10028.999624023438,177900
2017-06-22,9995.090375976562,10010.203251953126,9919.6525,9965.3725,156770
2017-06-23,9884.917875976562,10002.774248046875,9863.835751953126,10001.885,175106
2017-06-24,9842.119248046874,9921.747875976562,9824.4025,9896.094248046875,155027
2017-06-27,9818.433251953125,9932.162124023438,9807.194248046875,9923.716748046874,174451
2017-06-28,9841.039624023437,9857.168251953126,9799.065751953125,9827.323251953125,144716
2017-06-29,10077.322875976562,10085.324248046874,9917.810751953126,9920.985751953125,177897
2017-06-30,10248.455375976562,10265.41,10094.595,10127.551748046875,267946
2017-07-01,10358.945375976562,10368.534248046875,10257.853251953125,10264.076748046875,253660
2017-07-04,10386.695,10414.0,10351.515751953126,10371.455,250390
2017-07-05,10363.327124023437,10431.27150390625,10330.560751953126,10426.50900390625,458054
2017-07-06,10388.536748046876,10433.49400390625,10377.233251953125,10387.584248046875,190424
2017-07-07,10438.066748046875,10451.465,10356.5325,10359.262875976563,176744
2017-07-08,10440.415751953125,10492.74,10426.50900390625,10472.674248046875,375619
2017-07-11,10415.333251953125,10458.069248046875,10396.283251953126,10450.5125,171335
2017-07-12,10498.391748046875,10534.586748046875,10434.82849609375,10459.148251953126,241610
2017-07-13,10506.773251953126,10526.90349609375,10480.103251953125,10522.585000000001,170014
2017-07-14,10418.57150390625,10507.15400390625,10394.442124023437,10507.15400390625,168612
2017-07-15,10375.963251953126,10497.31150390625,10366.819624023437,10388.9175,182164
2017-07-18,10300.462124023437,10319.067500000001,10241.152875976562,10289.8575,168640
2017-07-19,10298.239624023438,10331.386748046874,10248.265,10330.687875976562,140541
2017-07-20,10422.38150390625,10430.764248046875,10316.400375976562,10337.037875976563,169715
2017-07-21,10338.7525,10389.425375976563,10254.551748046875,10389.425375976563,191599
2017-07-22,10376.154248046874,10407.9675,10332.465751953125,10384.345375976563,172401
2017-07-25,10462.895,10470.07099609375,10296.334624023437,10307.0025,162740
2017-07-26,10439.27349609375,10486.7075,10416.730996093751,10484.35849609375,139306
2017-07-27,10418.699248046874,10462.70400390625,10354.6275,10431.33599609375,138835
2017-07-28,10503.471748046875,10522.71150390625,10399.140751953126,10415.46099609375,158556
2017-07-29,10272.522124023437,10287.889248046875,10067.353251953125,10196.957124023438,292784
2017-08-01,10280.269248046876,10313.225375976563,10209.974624023438,10209.974624023438,160763
2017-08-02,10322.369624023439,10345.864624023438,10270.299624023437,10281.983251953125,176011
2017-08-03,10419.08,10429.74849609375,10360.215375976562,10379.837124023437,142649
2017-08-04,10525.442500000001,10551.35099609375,10467.46650390625,10490.5175,276249
2017-08-05,10577.00400390625,10613.0725,10551.98599609375,10557.573251953125,170703
2017-08-08,10630.789248046874,10666.031748046875,10623.169248046876,10638.4725,154982
2017-08-09,10586.656748046875,10644.441748046875,10566.336748046875,10641.710751953126,133825
2017-08-11,10589.13349609375,10619.676748046875,10563.479248046875,10594.34,151446
2017-08-12,10570.464248046876,10608.690751953125,10525.188251953125,10604.5,133068
2017-08-15,10754.23349609375,10763.567500000001,10676.953251953126,10684.95400390625,144248
2017-08-16,10821.733251953125,10828.78150390625,10768.584248046875,10798.30150390625,176312
2017-08-17,10819.765,10858.817500000001,10786.808251953125,10846.371748046875,197781
2017-08-18,10877.55,10885.67849609375,10795.889248046875,10815.0025,159281
2017-08-19,10847.57849609375,10915.395751953125,10807.763251953125,10878.121748046875,228870
2017-08-22,10806.049248046875,10905.61650390625,10787.82400390625,10876.343251953125,169136
2017-08-23,10831.258251953124,10845.863251953126,10765.409248046875,10813.160751953124,168623
2017-08-24,10878.62900390625,10883.77349609375,10810.938251953125,10814.621748046875,166077
2017-08-25,10807.82650390625,10903.2675,10799.381748046875,10900.029248046874,153661
2017-08-26,10847.324248046874,10857.166748046875,10782.045751953125,10819.95599609375,147039
2017-08-29,10967.275996093751,10974.26099609375,10816.844248046875,10820.336748046875,150958
2017-08-30,10910.12599609375,10979.02349609375,10892.980996093751,10964.8625,157717
2017-08-31,10942.065751953125,11004.55,10886.503251953125,10921.23849609375,179142
2017-09-01,11006.200751953125,11016.869248046874,10954.067500000001,10968.926748046875,230215
2017-09-02,10970.895,11011.34400390625,10961.56099609375,11008.740751953124,153167
2017-09-05,10968.418251953126,11063.350751953125,10909.935,10990.960751953126,188796
2017-09-06,10951.08349609375,11032.744248046874,10936.47849609375,10982.261748046874,172354
2017-09-07,10851.95900390625,10967.021748046875,10832.59150390625,10966.704248046875,164614
2017-09-08,10859.89650390625,10923.77849609375,10818.05099609375,10921.936748046875,161309
2017-09-09,11027.60099609375,11035.53849609375,10909.49099609375,10922.254248046875,162023
2017-09-12,11063.41400390625,11078.845,11045.95150390625,11065.31900390625,172868
2017-09-13,11021.3775,11085.00400390625,10970.514248046875,11084.305751953125,207312
2017-09-14,10890.630751953126,11036.42650390625,10877.04150390625,11032.109248046876,178008
2017-09-15,10912.03099609375,10923.46099609375,10845.863251953126,10887.455751953124,187040
2017-09-20,10976.038251953125,11026.58400390625,10922.571748046876,11011.2175,227550
2017-09-21,10952.543251953126,11007.21650390625,10926.57150390625,10972.545751953125,174084
2017-09-22,11015.0275,11037.189248046876,10979.213251953126,10984.03900390625,159702
2017-09-23,11006.963496093751,11044.68150390625,10981.81650390625,11041.760751953125,191423
2017-09-26,10959.02099609375,11029.75900390625,10939.78,11007.09,158120
2017-09-27,10963.40150390625,10975.53099609375,10896.6,10958.00400390625,183583
2017-09-28,10985.880751953126,10999.533251953126,10948.543496093751,10983.595,148171
2017-09-29,10912.094248046875,11027.473251953124,10901.23599609375,11009.439003906251,213601
2017-09-30,10887.138251953125,10951.146748046875,10855.388251953125,10940.22400390625,148026
2017-10-03,10931.461748046875,10949.94,10850.5625,10901.3625,126037
2017-10-04,11105.32400390625,11113.26150390625,10975.6575,10981.3725,153874
2017-10-05,11158.474248046876,11200.384248046876,11117.643251953124,11117.643251953124,358509
2017-10-06,11143.80599609375,11192.8275,11125.136748046874,11167.87150390625,246886
2017-10-07,11188.25599609375,11206.60650390625,11135.614248046875,11171.36400390625,190929
2017-10-11,11357.61,11367.57900390625,11237.531748046875,11242.929248046876,198141
2017-10-12,11325.796748046876,11390.249248046875,11319.95400390625,11390.249248046875,289232
2017-10-13,11369.675,11379.64400390625,11297.92,11322.685,224842
2017-10-14,11260.709248046875,11352.72099609375,11250.549248046875,11346.560751953126,179186
2017-10-17,11068.81150390625,11108.626748046876,11048.23849609375,11090.846748046875,188215
2017-10-19,11082.78150390625,11099.609003906251,11034.90349609375,11062.525996093751,191312
2017-10-20,11103.038251953125,11114.976748046874,11054.52400390625,11104.689003906251,142240
2017-10-21,11150.40900390625,11236.51599609375,11113.135,11151.67900390625,271472
2017-10-24,11186.668496093751,11206.860751953125,11143.234248046876,11161.331748046876,131426
2017-10-25,11145.39349609375,11196.891748046875,11124.310751953126,11196.44650390625,134243
2017-10-26,11146.980996093751,11210.09900390625,11121.770751953125,11163.680751953125,144875
2017-10-27,11261.661748046876,11294.55400390625,11224.005751953126,11269.15400390625,168096
2017-10-28,11216.068251953126,11284.204248046875,11201.780751953125,11278.5525,183788
2017-10-31,11078.273251953126,11188.128251953125,11068.17650390625,11186.03349609375,168745
2017-11-01,11057.12849609375,11135.995,11036.935,11111.10349609375,151141
2017-11-02,11106.34099609375,11134.153251953125,11053.00099609375,11063.224248046876,170114
2017-11-03,10910.8875,11176.82599609375,10868.9775,11166.729248046875,363010
2017-11-04,10936.16099609375,10969.18099609375,10865.104248046875,10898.505000000001,188247
2017-11-07,11097.38650390625,11106.404248046874,10966.45,11006.01099609375,136559
2017-11-08,11136.82099609375,11155.23599609375,11094.84650390625,11137.9,179046
2017-11-09,11104.816748046875,11184.826748046875,11088.87849609375,11184.064003906251,160669
2017-11-10,11061.128251953125,11152.06099609375,11029.50599609375,11136.249248046875,167810
2017-11-11,11045.95150390625,11079.099248046876,11003.025751953126,11076.559248046875,152472
2017-11-14,11060.175751953126,11107.165751953125,11054.016748046875,11093.89400390625,107483
2017-11-17,10888.15400390625,11025.568251953126,10847.51400390625,11012.805,209986
2017-11-18,10900.918496093751,10927.651748046876,10858.245751953125,10914.380000000001,162482
2017-11-21,10820.90849609375,10941.55849609375,10802.81099609375,10938.446748046876,197736
2017-11-22,11020.93349609375,11030.07650390625,10865.99349609375,10866.183251953125,218119
2017-11-23,10997.05650390625,11047.4125,10968.609248046876,11045.825,170253
2017-11-24,11048.23849609375,11083.29,11021.440751953125,11040.55400390625,166247
2017-11-25,11040.173251953125,11060.55650390625,10988.103251953125,11059.921503906251,153119
2017-11-28,11060.366748046876,11095.926748046875,11028.87099609375,11061.50900390625,157322
2017-11-29,11037.950751953125,11077.76599609375,11002.581748046876,11076.559248046875,197257
2017-11-30,10941.3675,10994.770751953125,10917.68150390625,10994.770751953125,226105
2017-12-01,10941.3675,10953.55900390625,10858.817500000001,10931.01650390625,248519
2017-12-02,10970.26,10990.2625,10898.8225,10953.75,177266
2017-12-06,10955.3375,11010.39150390625,10940.415,10989.50099609375,169512
2017-12-07,10812.78,10857.865,10801.15900390625,10849.355751953126,155993
2017-12-08,10775.886748046874,10842.81599609375,10764.71099609375,10794.80900390625,164007
2017-12-09,10710.8625,10800.08,10668.317500000001,10799.57150390625,228521
2017-12-12,10791.253251953125,10840.52900390625,10771.441748046875,10840.4025,174387
2017-12-13,10850.308251953125,10870.43849609375,10769.72650390625,10845.8,199317
2017-12-14,10708.64,10764.774248046875,10162.8575,10245.725,322821
2017-12-15,10827.7025,10920.031748046875,10808.589248046876,10865.61150390625,253079
2017-12-16,10536.300751953126,10744.96150390625,10521.886748046874,10739.94599609375,268605
2017-12-20,10297.731748046876,10526.458251953125,10278.364248046875,10521.75900390625,363626
2017-12-21,10301.732124023438,10426.763251953125,10273.537875976563,10421.17599609375,279877
2017-12-22,10261.536748046876,10352.0875,10236.580751953124,10293.477124023437,191537
2017-12-23,10254.107124023438,10323.766748046875,10221.340751953125,10283.888251953125,164501
2017-12-26,10069.957124023438,10290.111748046875,10053.827875976564,10289.667124023437,215733
2017-12-27,10162.920751953125,10184.193251953126,10081.450375976563,10146.220375976563,218355
2017-12-28,10202.290751953125,10230.104248046875,10125.837124023437,10225.024248046875,187181
2017-12-29,10116.185,10191.559624023437,10099.738251953126,10174.985751953125,253356
2017-12-30,10305.160751953124,10315.2575,10130.4725,10170.096748046875,172009
2018-01-02,10321.162875976563,10346.055,10244.455,10262.425375976563,186128
2018-01-03,10340.530375976563,10410.63400390625,10323.449248046874,10327.068251953126,194689
2018-01-04,10445.115,10457.4975,10336.8475,10378.630375976563,249685
2018-01-05,10404.98349609375,10478.515751953126,10395.013251953125,10469.880000000001,160865
2018-01-06,10270.235751953125,10362.310751953126,10248.963251953126,10355.008251953124,168241
2018-01-09,10323.5125,10340.212875976562,10232.199624023438,10272.7125,125207
2018-01-10,10341.800375976563,10386.949248046874,10326.179624023438,10354.500375976562,112615
2018-01-11,10289.603251953125,10401.871748046875,10258.425,10373.867875976563,164695
2018-01-12,10473.49900390625,10485.4375,10352.7225,10353.167124023437,144267
2018-01-13,10492.4225,10509.186748046875,10467.276748046876,10505.059248046875,147226
2018-01-16,10376.915751953125,10452.92599609375,10356.151748046876,10452.92599609375,105091
2018-01-17,10441.685751953126,10450.63900390625,10357.865751953124,10409.11099609375,187164
2018-01-18,10391.711748046875,10451.338496093751,10369.677124023438,10451.27400390625,146460
2018-01-19,10355.072124023438,10446.89349609375,10314.876748046876,10323.067875976563,187316
2018-01-20,10337.101748046874,10386.949248046874,10321.861748046875,10386.314248046876,208032
2018-01-23,10292.524624023437,10328.275,10280.459624023437,10320.02,107422
2018-01-24,10264.647875976563,10317.607124023438,10239.692500000001,10300.462124023437,128208
2018-01-25,10237.850751953125,10302.938251953125,10227.6275,10294.429624023438,121889
2018-01-26,10133.457124023438,10218.991748046876,10115.486748046875,10215.689624023438,118410
2018-01-27,10141.9025,10188.702124023437,10086.403251953125,10125.075,125889
2018-01-30,10043.4775,10121.963251953126,10025.125751953125,10115.677124023438,107043
2018-01-31,10201.719624023437,10216.705375976562,10037.699248046874,10052.113251953126,117978
2018-02-01,10204.259624023438,10287.698251953125,10196.067875976563,10220.388251953125,123646
2018-02-02,10291.572124023438,10301.097124023438,10186.415751953125,10198.862124023437,182454
2018-02-03,10395.965751953125,10410.19,10305.7325,10311.955375976562,124715
2018-02-06,10387.965,10429.24,10329.925751953126,10426.82650390625,118084
2018-02-07,10404.1575,10438.25650390625,10348.722124023438,10408.983251953125,131254
2018-02-08,10401.935,10437.495,10389.742875976563,10417.36599609375,129887
2018-02-09,10507.725751953125,10518.96599609375,10444.099248046876,10447.84599609375,162498
2018-02-10,10469.625751953125,10549.69900390625,10456.2275,10517.94900390625,136377
2018-02-13,10459.783251953126,10494.01,10449.2425,10489.37400390625,99633
2018-02-14,10526.52150390625,10533.125751953125,10491.47,10493.629248046875,143368
2018-02-15,10643.42599609375,10654.03,10569.2575,10576.305751953125,184721
2018-02-16,10677.144248046876,10689.844248046875,10645.520751953125,10656.633251953124,171041
2018-02-17,10668.44400390625,10745.533251953126,10633.900996093751,10741.21599609375,181250
2018-02-20,10684.255751953126,10701.909248046875,10635.48849609375,10656.506748046875,125540
2018-02-21,10665.460000000001,10719.94349609375,10640.440751953125,10687.113251953126,122735
2018-02-22,10689.59,10744.580751953124,10664.69849609375,10672.88900390625,168379
2018-02-23,10712.57650390625,10725.34099609375,10673.143251953124,10691.36849609375,171129
2018-02-24,10603.67400390625,10698.03599609375,10593.006748046875,10673.52400390625,208648
2018-02-27,10657.205,10673.27099609375,10575.544248046876,10578.59150390625,187656
2018-02-28,10764.265751953126,10770.806748046874,10665.650996093751,10676.953251953126,173707
2018-03-01,10925.4925,10938.001503906251,10787.316748046875,10794.301748046875,304024
2018-03-03,10974.3875,11014.329248046875,10930.76349609375,10935.335000000001,275731
2018-03-06,10963.5925,11001.501503906251,10944.5425,10967.148251953126,300743
2018-03-07,10872.850751953125,10962.3225,10861.54849609375,10959.401748046876,510342
2018-03-08,11069.82849609375,11077.44849609375,10842.625,10884.34400390625,314645
2018-03-09,11092.4975,11122.15150390625,11030.965751953125,11080.4325,281464
2018-03-10,11101.006748046875,11110.2775,11058.8425,11093.64099609375,195799
2018-03-13,11177.333251953125,11193.90650390625,11138.154248046874,11157.521748046875,194715
2018-03-14,11135.740751953124,11187.810751953126,11101.133251953124,11183.239248046875,224751
2018-03-15,11136.693251953126,11164.8875,11068.05,11143.678251953124,219863
2018-03-16,11148.56849609375,11203.17849609375,11079.60650390625,11170.348251953124,180545
2018-03-17,11167.808251953125,11204.06650390625,11139.424248046875,11191.68400390625,223845
2018-03-20,11182.413251953125,11210.16349609375,11117.834248046875,11201.145751953125,211858
2018-03-21,11166.220751953126,11201.971748046875,11141.075,11201.27349609375,182694
2018-03-22,11080.369248046874,11186.03349609375,11065.31900390625,11149.266748046875,222014
2018-03-23,11148.06,11155.616748046876,11073.89150390625,11098.53,184182
2018-03-24,11203.559248046875,11298.491748046876,11181.397500000001,11282.299248046875,289704
2018-03-27,11276.584248046875,11285.5375,11188.445751953124,11199.558251953125,161999
2018-03-28,11312.96900390625,11329.415751953125,11253.406748046875,11291.2525,169505
2018-03-29,11337.16349609375,11380.1525,11309.6675,11343.13150390625,240316
2018-03-30,11353.165,11407.33099609375,11337.988251953126,11374.62849609375,380548
2018-04-03,11298.809248046875,11368.785751953124,11288.58599609375,11358.499248046875,183864
2018-04-04,11277.09150390625,11321.7325,11261.85150390625,11301.666748046875,293705
2018-04-05,11361.165751953125,11380.215751953125,11301.22150390625,11308.588496093751,200432
2018-04-06,11302.6825,11420.475,11277.345751953126,11408.21900390625,210509
2018-04-07,11299.888251953125,11312.01650390625,11252.32650390625,11282.045,209616
2018-04-10,11383.581748046876,11389.105751953126,11320.78,11322.17650390625,175782
2018-04-11,11362.56349609375,11401.86900390625,11344.655751953125,11401.7425,172969
2018-04-12,11333.860751953125,11375.453251953126,11292.776748046876,11367.389248046875,177882
2018-04-13,11337.29,11361.165751953125,11302.365,11321.415,164971
2018-04-14,11346.878251953125,11399.139248046875,11308.016748046875,11371.199248046874,152795
2018-04-18,11540.49,11585.8925,11506.835000000001,11546.39599609375,270973
2018-04-19,11537.695751953124,11565.318251953126,11525.885,11540.29900390625,248484
2018-04-20,11625.199248046874,11631.231748046876,11593.258251953124,11594.65599609375,202895
2018-04-21,11633.263251953125,11707.36849609375,11617.45150390625,11693.905751953125,288329
2018-04-24,11591.09900390625,11642.85150390625,11577.700751953125,11642.026748046876,320469
2018-04-25,11584.305,11617.6425,11540.744248046874,11600.116748046876,243545
2018-04-26,11468.671748046876,11522.58349609375,11454.510751953125,11489.944248046875,227041
2018-04-27,11539.600751953125,11555.793251953126,11491.72150390625,11491.9125,185016
2018-04-28,11567.16,11599.608251953125,11543.53849609375,11562.08,207034
2018-05-01,11487.404248046874,11550.45900390625,11461.30599609375,11548.681748046874,201209
2018-05-02,11558.015751953126,11570.20849609375,11531.345751953126,11533.505000000001,185823
2018-05-03,11612.625751953125,11624.50099609375,11568.55650390625,11593.449248046874,248375
2018-05-04,11650.6625,11662.60099609375,11603.16400390625,11611.10150390625,330563
2018-05-05,11650.6625,11673.459248046875,11623.16650390625,11631.80349609375,194278
2018-05-08,11732.06900390625,11741.59400390625,11674.34849609375,11710.16150390625,142264
2018-05-10,11766.74099609375,11777.85349609375,11703.55849609375,11765.78849609375,178780
2018-05-11,11762.676748046875,11770.296748046876,11707.939003906251,11742.165751953125,184338
2018-05-12,11681.840751953125,11748.135,11668.88650390625,11714.099248046876,195315
2018-05-15,11660.441748046875,11716.57599609375,11652.05900390625,11716.51150390625,137151
2018-05-16,11730.99,11738.229248046875,11649.51900390625,11664.378251953125,205369
2018-05-17,11688.381748046875,11742.92849609375,11635.485751953125,11737.975,166288
2018-05-18,11621.515751953126,11687.36599609375,11614.086748046875,11687.175,161196
2018-05-22,11606.910751953124,11633.2,11582.7175,11613.8325,0
2018-05-23,11563.54099609375,11706.73349609375,11551.221748046875,11637.01,167839
2018-05-24,11561.445,11583.035,11525.44099609375,11572.494248046874,167656
2018-05-25,11603.22849609375,11612.75349609375,11560.36599609375,11567.28650390625,166972
2018-05-26,11581.63849609375,11663.23599609375,11542.7125,11657.45650390625,158116
2018-05-29,11706.796748046876,11716.25849609375,11595.798251953125,11601.89400390625,163081
2018-05-30,11819.38150390625,11822.684248046875,11747.94400390625,11776.773251953126,175440
2018-05-31,11876.84900390625,11896.09,11812.71400390625,11856.974248046876,182990
2018-06-01,11864.53099609375,11896.28099609375,11839.76599609375,11886.12099609375,215814
2018-06-02,11816.143251953124,11865.16599609375,11788.4575,11863.006748046875,161237
2018-06-06,11828.525751953126,11877.738251953126,11772.77349609375,11861.609003906251,167799
2018-06-07,11826.176748046875,11869.800751953126,11808.96849609375,11867.769248046876,149263
2018-06-08,11887.07349609375,11894.37599609375,11840.5275,11888.406748046875,258987
2018-06-09,11792.330751953124,11908.91650390625,11775.44,11905.678251953124,235323
2018-06-12,11828.843251953125,11860.149248046875,11808.396748046875,11825.541748046875,175291
2018-06-13,11832.39900390625,11860.466748046874,11820.779248046874,11858.43400390625,135363
2018-06-14,11947.270751953125,11956.7325,11856.72,11861.355996093751,149763
2018-06-15,11966.44849609375,12002.32599609375,11952.350751953125,11999.72150390625,175982
2018-06-16,11939.14349609375,11985.942500000001,11903.138251953125,11984.54599609375,149682
2018-06-19,11995.65849609375,12000.5475,11967.33650390625,11980.608251953125,136339
2018-06-20,12080.5575,12086.844248046875,12009.564003906251,12015.47,172764
2018-06-21,12097.7025,12106.40150390625,12047.34650390625,12087.35150390625,201884
2018-06-22,11975.401748046876,12051.15650390625,11960.98650390625,12005.564248046876,198148
2018-06-23,11973.43349609375,12072.3025,11926.2525,12026.77349609375,244570
2018-06-26,11986.5775,12063.28599609375,11973.43349609375,12039.9175,203473
2018-06-27,11920.41099609375,11999.023251953126,11899.9,11995.213251953126,215593
2018-06-28,11887.898251953126,11978.51349609375,11863.89599609375,11951.84349609375,205609
2018-06-29,12077.3825,12094.590751953125,11911.584248046875,11917.743251953125,291267
2018-06-30,12185.77650390625,12198.22349609375,12059.15849609375,12074.8425,210961
2018-07-03,12198.22349609375,12239.942500000001,12125.579248046875,12141.263251953125,244041
2018-07-04,12223.178251953124,12236.830751953124,12168.124248046875,12180.12599609375,188920
2018-07-05,12218.9875,12254.99150390625,12203.7475,12238.418251953126,427974
2018-07-06,12212.44650390625,12236.00599609375,12179.17349609375,12196.508251953124,169222
2018-07-07,12259.945,12285.345,12239.561748046875,12264.58099609375,162484
2018-07-10,12287.376503906251,12302.744248046874,12243.689248046876,12263.500751953125,124235
2018-07-11,12239.18099609375,12330.810751953126,12230.354248046875,12324.397500000001,143197
2018-07-12,12273.15349609375,12291.758251953124,12230.798251953125,12273.216748046874,163479
2018-07-13,12252.0075,12304.649248046875,12244.705,12296.64849609375,154214
2018-07-14,12278.6775,12288.8375,12202.35099609375,12240.958251953125,153994
2018-07-17,12212.82849609375,12251.753251953125,12190.095,12251.309248046875,146119
2018-07-18,12200.76349609375,12260.77099609375,12186.15849609375,12211.748251953126,126500
2018-07-19,12215.05099609375,12226.79849609375,12167.171748046876,12219.368251953125,188621
2018-07-20,12164.123251953126,12219.17849609375,12142.215751953125,12214.73349609375,165655
2018-07-21,12176.823251953125,12212.12900390625,12148.185,12186.221748046875,208143
2018-07-24,12265.088251953126,12285.090751953125,12210.92349609375,12225.52849609375,142095
2018-07-25,12259.945,12289.155,12247.5625,12281.535,164778
2018-07-26,12234.671503906251,12256.071748046876,12202.921503906251,12253.08650390625,138314
2018-07-27,12230.1,12317.53900390625,12214.5425,12246.16599609375,202999
2018-07-28,12160.186748046875,12252.51599609375,12147.930751953125,12246.9275,172793
2018-08-01,12079.47849609375,12211.55849609375,12031.281748046875,12184.443251953126,195315
2018-08-02,12053.8875,12093.575,12032.42400390625,12090.654248046874,168948
2018-08-03,12070.20650390625,12161.265751953126,12057.125751953125,12094.146748046875,268047
2018-08-04,12091.543496093751,12110.465751953125,11999.9125,12037.695,173805
2018-08-07,12211.05,12222.48,12120.308251953125,12176.696748046876,178114
2018-08-08,12208.890751953126,12256.32599609375,12186.285,12250.293496093751,140597
2018-08-09,12239.751503906251,12247.43599609375,12201.33400390625,12217.0825,128655
2018-08-10,12286.678251953124,12319.889248046875,12242.736748046875,12260.07150390625,145997
2018-08-11,12275.565751953125,12298.9975,12246.16599609375,12281.34400390625,141641
2018-08-14,12409.233251953125,12423.33099609375,12250.991748046876,12343.510751953125,38139
2018-08-15,12428.283251953126,12484.163251953125,12419.13900390625,12442.761748046874,179131
2018-08-16,12466.44650390625,12477.686748046875,12430.379248046875,12455.270751953125,150360
2018-08-17,12562.459248046875,12569.5075,12513.881748046875,12516.865751953124,178703
2018-08-18,12555.66400390625,12589.890751953126,12503.721748046875,12589.890751953126,154044
2018-08-21,12593.256748046875,12608.814248046876,12566.269248046876,12583.35099609375,167704
2018-08-22,12480.480996093751,12554.39400390625,12435.903251953125,12487.529248046874,300171
2018-08-23,12572.49150390625,12579.413251953125,12511.59599609375,12517.056748046874,201248
2018-08-24,12539.090751953125,12601.638251953125,12526.581748046876,12598.654248046874,158088
2018-08-25,12592.3675,12604.369248046874,12494.26,12572.49150390625,185118
2018-08-28,12657.32849609375,12677.203251953126,12597.89150390625,12619.735751953125,178727
2018-08-29,12654.978251953125,12714.350751953125,12635.35650390625,12713.398251953126,184030
2018-08-30,12726.22599609375,12732.956748046876,12656.756748046875,12679.23599609375,191720
2018-08-31,12726.098251953124,12845.859003906251,12706.985,12780.3275,297576
2018-09-01,12718.415,12733.083251953125,12629.515,12695.618251953125,184060
2018-09-04,12797.91650390625,12809.09349609375,12721.526748046876,12744.069248046875,229981
2018-09-05,12845.605996093751,12863.32150390625,12783.5025,12828.333251953125,179597
2018-09-06,12803.505000000001,12875.06900390625,12768.834248046875,12873.100751953125,157452
2018-09-07,12717.33599609375,12803.06099609375,12697.7775,12803.06099609375,196039
2018-09-08,12784.32849609375,12795.567500000001,12685.20400390625,12710.921503906251,174739
2018-09-11,12772.89849609375,12811.88650390625,12758.86400390625,12794.995751953125,136774
2018-09-12,12672.758251953124,12806.425751953126,12632.69,12786.80400390625,208252
2018-09-13,12583.223251953124,12661.645751953125,12564.173251953125,12650.66099609375,175932
2018-09-14,12471.7175,12563.66599609375,12415.774248046875,12538.51900390625,242453
2018-09-15,12332.715751953125,12409.99599609375,12300.648251953126,12334.43099609375,283004
2018-09-18,12438.57099609375,12469.240751953124,12385.16650390625,12389.8025,192724
2018-09-20,12569.570751953124,12578.016748046875,12412.78900390625,12478.82900390625,222098
2018-09-21,12578.27099609375,12633.705751953124,12552.3625,12630.848251953124,196447
2018-09-22,12493.49849609375,12529.756748046875,12425.23599609375,12529.756748046875,238014
2018-09-25,12388.02400390625,12553.12400390625,12369.92650390625,12527.5975,202173
2018-09-26,12402.248251953126,12482.131748046875,12385.80150390625,12466.0025,184570
2018-09-27,12512.675,12519.53349609375,12429.1725,12449.873251953126,172083
2018-09-28,12518.453251953126,12549.505000000001,12508.03900390625,12549.124248046875,179037
2018-10-02,12589.255751953126,12605.7025,12550.14,12582.08099609375,160072
2018-10-03,12440.983251953125,12556.93400390625,12425.3625,12555.72849609375,179028
2018-10-04,12553.18849609375,12585.001748046876,12510.515751953126,12521.565,156049
2018-10-05,12595.73349609375,12604.876503906251,12518.326748046875,12580.239248046875,323381
2018-10-06,12667.48849609375,12678.981748046876,12585.50900390625,12620.81599609375,160857
2018-10-09,12589.31900390625,12685.26849609375,12523.47,12679.87099609375,146870
2018-10-10,12639.294248046876,12653.13650390625,12574.333251953125,12615.2275,137570
2018-10-11,12593.574248046874,12613.068251953126,12550.838251953126,12572.0475,152619
2018-10-12,12610.97349609375,12655.359003906251,12594.844248046875,12631.22900390625,192954
2018-10-13,12617.195751953124,12653.77150390625,12589.890751953126,12647.48599609375,163804
2018-10-16,12707.683251953125,12736.38599609375,12660.375751953125,12664.1225,170686
2018-10-17,12818.173251953125,12823.888251953125,12735.623251953126,12772.19900390625,183731
2018-10-18,12800.710751953126,12867.576748046875,12780.20099609375,12826.0475,214512
2018-10-19,12809.98150390625,12860.655,12789.34400390625,12836.39849609375,217549
2018-10-20,12808.45849609375,12846.24099609375,12755.43599609375,12779.18400390625,257412
2018-10-23,12894.43650390625,12918.059248046875,12866.750751953125,12869.03650390625,161265
2018-10-24,12887.388251953125,12927.266748046875,12865.036748046876,12923.01150390625,183607
2018-10-25,12879.26099609375,12917.233251953125,12870.434248046875,12904.406748046875,206788
2018-10-26,12854.81349609375,12901.80349609375,12774.421503906251,12877.29150390625,187612
2018-10-27,12654.78849609375,12820.713251953126,12640.055751953125,12819.82400390625,231364
2018-10-30,12538.20150390625,12649.835000000001,12466.383251953124,12649.32650390625,229208
2018-10-31,12536.805,12562.01400390625,12462.51,12541.567500000001,185471
2018-11-01,12364.4025,12599.733251953125,12337.28849609375,12599.16150390625,193694
2018-11-02,12406.566748046875,12432.284248046875,12303.188251953125,12365.22849609375,389969
2018-11-03,12431.52150390625,12514.58,12414.69400390625,12464.160751953124,200222
2018-11-07,12521.565,12567.15849609375,12485.433251953125,12564.490751953124,164769
2018-11-08,12591.92349609375,12621.640751953126,12510.32599609375,12553.12400390625,151868
2018-11-09,12558.649248046875,12631.356748046876,12549.94900390625,12607.29,148552
2018-11-10,12674.219248046875,12686.47400390625,12581.38150390625,12583.35099609375,190404
2018-11-13,12685.7125,12720.0025,12648.501748046876,12685.014248046875,148762
2018-11-14,12721.526748046876,12743.18,12702.920751953125,12717.399248046875,154274
2018-11-15,12680.695751953124,12785.4075,12643.865751953124,12754.10150390625,193036
2018-11-16,12822.42849609375,12832.651748046876,12670.91650390625,12714.224248046876,193941
2018-11-17,12912.661748046876,12943.713496093751,12852.52650390625,12857.099248046876,223334
2018-11-20,12993.17900390625,13008.546748046876,12922.376503906251,12963.39849609375,204855
2018-11-21,12997.751748046876,13019.84900390625,12970.001503906251,12989.11599609375,198156
2018-11-22,12967.77900390625,13000.291748046875,12923.2025,12965.93849609375,250790
2018-11-23,12886.118251953125,12969.176748046875,12856.65400390625,12967.14400390625,30653
2018-11-27,12934.75900390625,12984.67099609375,12858.115,12924.34599609375,219319
2018-11-28,12963.779248046874,13001.942500000001,12931.64849609375,12977.558251953125,222264
2018-11-29,13075.09400390625,13132.498251953126,13005.94349609375,13107.86099609375,576494
2018-11-30,13136.625751953125,13151.67599609375,13045.24900390625,13070.585751953126,416616
2018-12-01,13110.273251953126,13165.01099609375,13095.350751953125,13160.120751953125,319167
2018-12-04,13161.83599609375,13188.315,13137.260751953125,13149.38900390625,245361
2018-12-05,13125.830751953124,13166.979248046875,13111.416748046875,13163.42349609375,228816
2018-12-06,13259.435,13273.59599609375,13186.473251953124,13195.74400390625,254911
2018-12-07,13238.225751953125,13275.31,13223.938251953125,13259.435,204040
2018-12-08,13274.675000000001,13286.359248046876,13212.57150390625,13286.168251953126,206755
2018-12-11,13273.785751953124,13322.871748046875,13225.4625,13248.3225,195056
2018-12-12,13144.69099609375,13316.9025,13132.815751953125,13305.980996093751,276251
2018-12-13,13085.00099609375,13187.9975,13062.585000000001,13159.676748046875,270923
2018-12-14,13092.366748046876,13167.931748046874,13039.026748046876,13155.48599609375,249756
2018-12-15,13108.6225,13138.086748046875,13022.70650390625,13086.52400390625,278259
2018-12-18,12985.686748046875,13124.37099609375,12974.6375,13108.94,210610
2018-12-19,12936.98150390625,13014.960000000001,12922.948251953125,12983.71849609375,294303
2018-12-20,12849.923251953125,12922.821748046876,12819.380000000001,12918.376748046876,210425
2018-12-21,12972.7325,12994.9575,12876.784248046875,12894.18349609375,179175
2018-12-22,13060.171503906251,13136.37150390625,13040.423251953125,13112.178251953124,199556
2018-12-25,13079.4125,13093.50900390625,13032.105,13064.744248046874,146431
2018-12-26,13115.16349609375,13155.549248046875,13100.113251953126,13118.147500000001,189538
2018-12-27,13134.720751953126,13168.249248046875,13093.128251953125,13145.515751953126,159223
2018-12-28,13142.9125,13175.360751953125,13090.270751953125,13155.231748046876,147937
2018-12-29,13194.919248046876,13213.715,13160.0575,13165.835751953126,126904
2019-01-01,13207.428251953124,13217.08099609375,13132.054248046876,13158.533251953126,142644
2019-01-02,13170.2175,13220.128251953125,13151.104248046875,13192.633496093751,203289
2019-01-03,13158.850751953125,13199.046748046876,13139.293496093751,13178.34599609375,150606
2019-01-04,12987.718251953125,13122.529248046876,12968.2875,13122.529248046876,350209
2019-01-05,12854.685751953126,13046.329248046875,12837.858251953125,13034.899248046875,137970
2019-01-08,12862.2425,12927.584248046875,12821.539248046874,12922.313251953125,144259
2019-01-09,12850.1775,12887.896748046875,12787.75650390625,12850.1775,155044
2019-01-10,12756.00650390625,12832.334248046875,12742.35400390625,12812.775751953126,163836
2019-01-11,12911.709248046875,12931.96599609375,12778.61349609375,12780.581748046876,162345
2019-01-12,13037.37599609375,13043.97900390625,12947.9675,12952.031748046875,196896
2019-01-15,13109.2575,13118.084248046875,13058.203251953126,13094.335000000001,142256
2019-01-16,13004.99099609375,13114.14650390625,12992.354248046875,13112.62349609375,177366
2019-01-17,12945.046748046876,13076.618251953125,12915.70900390625,13000.48150390625,178099
2019-01-18,13020.16650390625,13050.64650390625,12879.768251953124,12991.210751953126,149914
2019-01-19,13123.2275,13173.83650390625,13105.95599609375,13138.97599609375,262672
2019-01-22,13193.7125,13263.308251953125,12794.995751953125,13034.13650390625,228744
2019-01-23,13288.264248046875,13299.694248046875,13215.62,13226.795751953125,174396
2019-01-24,13264.134248046876,13327.951748046875,13255.18099609375,13327.88849609375,168698
2019-01-25,13259.180751953125,13301.916748046875,13242.16349609375,13301.916748046875,156541
2019-01-26,13326.11,13336.39650390625,13269.2775,13280.770751953125,137311
2019-01-30,13375.005000000001,13392.721748046875,13306.996748046875,13350.620751953125,151182
2019-01-31,13323.2525,13401.54849609375,13295.9475,13374.433251953125,159819
2019-02-01,13306.93349609375,13378.878251953125,13284.771748046875,13332.714248046876,263326
2019-02-02,13373.989248046875,13384.149248046875,13320.58599609375,13325.28400390625,146965
2019-02-06,13261.594248046875,13328.904248046876,13213.90599609375,13306.488251953126,153823
2019-02-07,13262.864248046875,13339.57150390625,13245.528251953125,13312.96599609375,163334
2019-02-08,13341.095751953126,13351.51,13260.641748046875,13296.13849609375,168168
2019-02-09,13409.73900390625,13418.94650390625,13360.52650390625,13378.4975,176228
2019-02-12,13491.97150390625,13501.624248046875,13447.458251953125,13451.459248046875,175695
2019-02-13,13508.99,13537.12099609375,13466.57150390625,13519.27650390625,206252
2019-02-14,13502.894248046876,13532.485,13452.729248046875,13528.103251953125,171943
2019-02-15,13527.024248046875,13544.04150390625,13477.68400390625,13509.053251953124,156950
2019-02-16,13565.1875,13576.80849609375,13458.31650390625,13566.838251953126,173771
2019-02-19,13641.768251953124,13693.96599609375,13606.525751953126,13612.495,181726
2019-02-20,13589.571748046876,13668.18400390625,13573.56900390625,13667.105,215494
2019-02-21,13701.458251953125,13719.81,13546.772500000001,13592.111748046875,250996
2019-02-22,13737.59,13827.125,13693.64849609375,13809.21849609375,307744
2019-02-23,13836.269248046876,13851.69900390625,13708.25349609375,13753.084248046875,214159
2019-02-26,13927.074248046874,13938.376503906251,13819.37849609375,13821.664248046874,225544
2019-02-27,14076.299248046875,14087.98349609375,13963.078251953126,13966.69849609375,277247
2019-02-28,14079.22,14109.82650390625,14028.61099609375,14058.07400390625,286532
2019-03-01,14058.45599609375,14091.41150390625,13981.684248046875,14091.41150390625,326129
2019-03-05,14135.60849609375,14187.868251953125,14066.456748046876,14070.77400390625,246368
2019-03-06,14033.05599609375,14123.796503906251,14013.05349609375,14123.47900390625,236214
2019-03-07,14005.179248046876,14044.295,13943.710751953126,13993.875751953125,243086
2019-03-08,13991.463496093751,14119.03400390625,13816.075751953125,14026.578251953126,302920
2019-03-09,13665.96150390625,13912.786748046876,13634.84650390625,13891.514248046875,272042
2019-03-12,13546.518251953124,13592.4925,13445.235751953125,13467.460751953126,240490
2019-03-13,13332.7775,13454.570996093751,13050.900751953126,13074.84099609375,269936
2019-03-14,13305.409248046875,13479.78,13266.92849609375,13471.144248046876,257082
2019-03-15,13432.59900390625,13510.005751953126,13309.028251953125,13358.495,226337
2019-03-16,13277.786748046876,13309.854248046875,13205.714248046876,13228.955,192065
2019-03-19,13385.4825,13405.485,13316.45849609375,13358.114248046875,224428
2019-03-21,13336.14349609375,13449.998251953126,13279.945996093751,13443.9025,229525
2019-03-22,13392.785,13484.98650390625,13349.033251953126,13383.133496093751,204522
2019-03-23,13274.420751953125,13478.383496093751,13251.243251953125,13457.174248046875,178703
2019-03-26,13180.56849609375,13321.47400390625,13084.4925,13320.90349609375,188526
2019-03-27,13157.70849609375,13245.27400390625,13141.51599609375,13196.57,192877
2019-03-28,13204.761748046874,13241.14650390625,13143.99150390625,13241.02,232858
2019-03-29,13186.029248046876,13204.888251953125,13132.62599609375,13150.02400390625,322962
2019-03-30,13323.633251953126,13333.85650390625,13203.74599609375,13218.28650390625,216038
2019-04-02,13439.90150390625,13453.046748046876,13360.654248046876,13368.718251953125,178106
2019-04-03,13403.960751953126,13502.195996093751,13382.3075,13481.304248046876,193657
2019-04-04,13325.91900390625,13380.085000000001,13286.168251953126,13320.966748046876,284794
2019-04-05,13282.10400390625,13367.385,13267.88099609375,13309.536748046876,181952
2019-04-09,13155.73900390625,13244.449248046874,13111.35349609375,13243.940751953125,194240
2019-04-10,13016.5475,13260.51400390625,12974.19349609375,13234.035,220981
2019-04-11,12895.834248046875,13009.05400390625,12879.768251953124,12995.846748046875,252886
2019-04-12,13008.16599609375,13043.34400390625,12885.92849609375,12974.6375,222156
2019-04-13,12988.09900390625,13076.809248046875,12969.11349609375,13044.550751953126,182842
2019-04-16,13235.17849609375,13250.73599609375,13075.221748046875,13083.03150390625,217024
2019-04-17,13242.09900390625,13307.82150390625,13179.86900390625,13194.665,276120
2019-04-18,13221.84349609375,13233.84400390625,13127.100751953125,13199.173251953125,186391
2019-04-19,13157.39099609375,13233.4,13139.674248046875,13214.921748046876,171464
2019-04-20,12947.84099609375,13139.800751953126,12928.9175,13138.34099609375,340225
2019-04-23,12819.6975,12985.178251953124,12795.630751953126,12973.49400390625,216872
2019-04-24,12857.92400390625,12897.67599609375,12762.35650390625,12765.468251953125,195716
2019-04-25,12897.1675,12988.670751953125,12868.846748046875,12931.076748046875,209935
2019-04-26,12845.7325,12963.96900390625,12833.85849609375,12912.725,227533
2019-04-27,12697.523251953126,12735.179248046876,12638.91349609375,12660.375751953125,292913
2019-04-30,12865.92599609375,12882.245,12647.358251953125,12686.22099609375,255214
2019-05-01,12933.87099609375,12964.03349609375,12877.355996093751,12938.76,232219
2019-05-02,12844.399248046875,12901.10400390625,12823.06349609375,12882.37150390625,335774
2019-05-07,12968.985751953125,12979.52650390625,12862.2425,12892.59599609375,233159
2019-05-08,13011.15,13024.29400390625,12917.233251953125,12937.29900390625,211930
2019-05-09,12863.06849609375,13055.40900390625,12841.350751953125,13048.74150390625,224958
2019-05-10,13112.94099609375,13121.385751953125,12988.861748046875,12990.131748046875,236322
2019-05-11,13121.13150390625,13145.071748046876,13069.37900390625,13109.8925,196000
2019-05-14,13181.77400390625,13205.079248046875,13117.195,13123.799248046875,213083
2019-05-15,13210.8575,13239.55900390625,13184.505000000001,13224.383496093751,248271
2019-05-16,13229.78099609375,13243.75099609375,13151.61150390625,13243.75099609375,255470
2019-05-17,13282.48599609375,13296.77349609375,13201.9675,13221.525996093751,235611
2019-05-18,13310.36150390625,13360.27349609375,13273.341748046876,13329.030751953125,212974
2019-05-21,13371.00400390625,13385.99099609375,13203.36400390625,13205.840751953125,197463
2019-05-22,13396.849248046876,13411.771748046875,13329.47599609375,13407.770751953125,210235
2019-05-23,13368.274248046875,13454.634248046876,13347.319248046875,13435.20349609375,200778
2019-05-24,13417.930751953125,13426.694248046875,13393.674248046875,13415.83599609375,268819
2019-05-25,13416.343251953125,13439.58400390625,13369.861748046875,13411.64400390625,253166
2019-05-28,13442.569248046875,13510.70400390625,13353.986748046875,13452.855751953126,189590
2019-05-29,13480.22400390625,13508.735751953125,13422.630000000001,13434.18650390625,221200
2019-05-30,13424.598251953124,13478.001503906251,13381.291748046875,13477.74849609375,194515
2019-05-31,13484.605751953126,13498.06849609375,13410.75599609375,13444.855,331481
2019-06-01,13579.220751953126,13614.145751953125,13522.388251953125,13527.59599609375,0
2019-06-04,13638.97400390625,13663.93,13594.841503906251,13596.3025,171140
2019-06-06,13611.923251953125,13696.50599609375,13576.045751953125,13695.48900390625,221796
2019-06-07,13563.15599609375,13615.16150390625,13522.261748046874,13614.59099609375,180940
2019-06-08,13485.1775,13589.571748046876,13464.03150390625,13589.571748046876,181323
2019-06-11,13608.685,13621.57599609375,13507.275996093751,13529.50099609375,167508
2019-06-12,13611.605751953126,13663.358251953125,13575.53849609375,13662.53349609375,266641
2019-06-13,13641.959248046875,13673.1375,13576.109003906251,13580.55400390625,221732
2019-06-14,13610.018251953124,13697.648251953126,13595.35,13690.15599609375,191746
2019-06-15,13724.255000000001,13731.303251953124,13620.051748046875,13642.276748046876,204879
2019-06-18,13724.38150390625,13760.25900390625,13683.9325,13735.24099609375,175073
2019-06-19,13718.34900390625,13880.084248046875,13692.37849609375,13732.001503906251,251652
2019-06-20,13641.19650390625,13703.871748046875,13588.619248046874,13654.976748046874,229499
2019-06-21,13567.029248046876,13687.1075,13543.915,13685.01150390625,216985
2019-06-22,13457.42849609375,13557.186748046875,13448.15650390625,13553.24900390625,216199
2019-06-25,13356.209248046875,13489.559248046875,13342.365751953124,13483.209248046875,0
2019-06-26,13381.609248046876,13409.421503906251,13322.998251953126,13358.431748046874,237529
2019-06-27,13246.54400390625,13377.608251953125,13230.605751953126,13361.796503906251,298041
2019-06-28,13352.58900390625,13379.64099609375,13233.145751953125,13290.359003906251,308840
2019-06-29,13468.54099609375,13497.623251953126,13365.48,13376.973251953124,268762
2019-07-02,13574.58599609375,13601.445751953126,13513.498251953126,13523.404003906251,239868
2019-07-03,13504.290751953125,13610.9075,13482.44650390625,13575.53849609375,233093
2019-07-04,13480.22400390625,13523.849248046876,13409.231748046876,13435.33,247790
2019-07-05,13634.91099609375,13670.025751953126,13487.90849609375,13551.02650390625,629716
2019-07-06,13584.174248046875,13671.2325,13565.505000000001,13637.831748046876,212620
2019-07-09,13498.195,13678.280751953125,13485.30400390625,13672.756748046875,199776
2019-07-10,13453.30099609375,13504.10099609375,13399.64349609375,13500.989248046875,171693
2019-07-11,13569.50599609375,13586.904003906251,13446.125,13466.381748046875,191464
2019-07-12,13675.80400390625,13738.86,13617.70150390625,13617.70150390625,216884
2019-07-13,13674.91599609375,13689.901748046876,13600.493251953125,13635.22849609375,211160
2019-07-16,13699.426748046875,13780.198251953125,13686.853251953125,13692.94900390625,208208
2019-07-17,13770.41900390625,13787.818251953126,13702.53849609375,13736.51099609375,198680
2019-07-18,13788.009248046876,13834.4275,13770.16599609375,13827.125,216775
2019-07-19,13726.223251953124,13758.799248046875,13682.408251953126,13757.78349609375,180010
2019-07-20,13738.479248046875,13759.18,13659.35849609375,13726.98599609375,301442
2019-07-23,13715.80900390625,13754.354248046875,13699.93400390625,13754.354248046875,201180
2019-07-24,13602.271748046875,13702.601748046874,13590.524248046875,13702.601748046874,228850
2019-07-25,13680.503251953125,13692.885751953125,13619.543251953126,13633.00599609375,187599
2019-07-26,13641.19650390625,13728.19150390625,13621.89349609375,13726.731748046876,222965
2019-07-27,13743.74900390625,13762.99,13602.271748046875,13643.229248046875,225994
2019-07-30,13668.311748046875,13755.433251953125,13656.373251953126,13745.08349609375,232700
2019-07-31,13676.820996093751,13722.6675,13630.338251953126,13643.229248046875,228053
2019-08-01,13552.67849609375,13697.585000000001,13528.54849609375,13697.585000000001,245426
2019-08-02,13448.15650390625,13556.234248046876,13408.279248046876,13539.215751953125,344107
2019-08-03,13607.160751953124,13618.273251953126,13477.68400390625,13478.31900390625,241490
2019-08-06,13534.770751953125,13634.91099609375,13467.90599609375,13630.08400390625,293008
2019-08-07,13588.87349609375,13605.890751953126,13500.4175,13549.12150390625,195802
2019-08-08,13677.77349609375,13686.980996093751,13560.7425,13608.050000000001,176036
2019-08-09,13652.1825,13698.283251953126,13622.3375,13698.283251953126,214521
2019-08-10,13681.26599609375,13736.76400390625,13633.513251953125,13645.070996093751,0
2019-08-13,13783.18349609375,13792.64400390625,13725.08099609375,13764.640751953126,187140
2019-08-14,13903.0075,13915.26349609375,13813.34599609375,13846.4925,195868
2019-08-15,13904.340751953125,13940.34599609375,13872.210000000001,13914.62849609375,228780
2019-08-16,13999.464248046876,14069.440751953125,13969.55599609375,13978.826748046875,249016
2019-08-17,13994.00349609375,14060.61400390625,13969.6825,14042.26349609375,0
2019-08-20,13889.79900390625,13994.765,13876.3375,13994.066748046875,207161
2019-08-21,13980.223251953124,13993.495,13875.51150390625,13893.355996093751,202606
2019-08-22,13945.171748046876,14066.774248046875,13914.500751953125,14046.454248046875,216984
2019-08-23,13915.51650390625,13978.255000000001,13888.021748046875,13969.365,218265
2019-08-24,13982.954248046875,14008.4175,13901.674248046875,13923.645,193623
2019-08-27,14077.6325,14088.61849609375,13983.906748046875,13995.20900390625,227951
2019-08-28,14140.560751953126,14152.11849609375,14087.475,14108.43,211165
2019-08-29,14137.64,14169.58099609375,14113.8275,14158.46849609375,203105
2019-08-30,14182.470751953126,14206.029003906251,14129.639248046875,14138.846748046875,362167
2019-08-31,14323.50400390625,14329.918496093751,14237.0175,14265.5925,311625
2019-09-03,14375.828251953126,14386.68650390625,14302.041748046875,14346.74599609375,272703
2019-09-04,14422.755000000001,14434.82,14310.0425,14365.033251953126,261804
2019-09-05,14409.674248046875,14465.998251953126,14368.208251953125,14426.945751953126,261575
2019-09-06,14280.769248046876,14387.70349609375,14268.386748046874,14387.70349609375,203080
2019-09-07,14428.215751953125,14437.36,14344.078251953126,14348.205751953124,210876
2019-09-10,14461.61650390625,14513.11599609375,14440.66150390625,14479.905,208476
2019-09-11,14464.601748046874,14514.766748046875,14426.819248046875,14507.400996093751,232529
2019-09-12,14541.5,14554.136748046874,14451.710751953126,14493.875,205957
2019-09-13,14567.789248046874,14598.904248046876,14546.70650390625,14596.4275,294082
2019-09-14,14515.465,14578.0125,14502.95599609375,14573.186748046875,0
2019-09-17,14421.8025,14486.000751953125,14402.180751953125,14439.39150390625,243522
2019-09-18,14522.57650390625,14544.611748046875,14440.915751953125,14454.759248046876,240324
2019-09-20,14459.013251953125,14541.30900390625,14435.1375,14474.38099609375,297564
2019-09-21,14567.8525,14587.791748046875,14518.385751953125,14525.18099609375,232985
2019-09-24,14670.7225,14687.930751953125,14604.55599609375,14607.66650390625,241872
2019-09-25,14695.043496093751,14708.8225,14655.29150390625,14701.774248046875,216965
2019-09-27,14710.0925,14758.289248046874,14664.309248046875,14758.289248046874,242121
2019-09-28,14677.51650390625,14737.841503906251,14645.64,14689.58150390625,220056
2019-10-01,14848.776748046876,14860.206748046876,14726.41150390625,14739.42900390625,192218
2019-10-02,14907.895,14935.454248046875,14872.335000000001,14899.576748046875,236212
2019-10-03,14848.713496093751,14926.564248046876,14832.13900390625,14916.086748046875,249475
2019-10-04,14829.535751953124,14857.475751953125,14782.419248046876,14852.3325,308338
2019-10-05,14834.235,14894.11599609375,14782.92650390625,14828.32900390625,352991
2019-10-08,14709.58400390625,14924.785751953124,14690.59849609375,14924.785751953124,237530
2019-10-09,14630.780751953125,14735.238251953126,14600.99900390625,14730.4125,255087
2019-10-10,14575.726748046874,14659.16599609375,14470.189003906251,14623.859003906251,244150
2019-10-11,14651.86349609375,14684.0575,14523.783251953126,14622.97099609375,254726
2019-10-12,14718.15650390625,14735.81,14585.18849609375,14678.9775,306155
2019-10-15,14526.38650390625,14697.710000000001,14512.670751953125,14694.2175,279889
2019-10-16,14335.125,14578.838496093751,14317.98,14575.59900390625,0
2019-10-17,14439.77349609375,14453.5525,14287.754248046875,14401.92650390625,271914
2019-10-19,14624.304248046876,14634.5275,14516.798251953125,14533.245,274879
2019-10-22,14449.7425,14560.486748046875,14435.963496093751,14560.486748046875,208266
2019-10-23,14324.20349609375,14492.541748046875,14311.566748046875,14454.568251953126,240105
2019-10-24,14267.62400390625,14391.703251953126,14237.84349609375,14384.84599609375,247423
2019-10-26,14151.73650390625,14410.435751953126,13800.391748046875,14314.550751953126,729889
2019-10-29,13928.59849609375,14186.09099609375,13898.37150390625,14178.78849609375,0
2019-10-30,14055.661748046876,14072.36150390625,13821.21900390625,13931.836748046875,400814
2019-10-31,14038.325751953125,14154.848251953124,13961.173251953125,14154.848251953124,332454
2019-11-01,13941.488251953126,14083.601748046874,13910.75400390625,14071.345751953126,417692
2019-11-02,13881.671748046876,14013.30650390625,13779.880751953126,13980.28650390625,473061
2019-11-05,13980.540751953125,14015.275996093751,13743.368251953125,13882.24349609375,377226
2019-11-07,13789.9775,13956.093251953125,13771.5625,13948.029248046876,392674
2019-11-08,13461.0475,13658.469248046875,13395.0075,13658.469248046875,440619
2019-11-09,13101.891748046875,13386.62599609375,13032.61349609375,13352.90650390625,627263
2019-11-12,13142.023251953126,13205.904003906251,12951.96849609375,13093.89099609375,464124
2019-11-13,13082.333251953125,13204.95150390625,13054.77400390625,13195.680751953125,420928
2019-11-14,13284.32650390625,13312.58400390625,13104.1775,13121.44900390625,0
2019-11-15,12998.00599609375,13126.656748046875,12876.02150390625,12915.645751953125,480145
2019-11-16,13300.075,13325.411748046876,13109.13099609375,13121.068251953126,353711
2019-11-19,13350.875,13368.400751953126,13220.89099609375,13365.734248046876,251213
2019-11-20,13442.6325,13468.22349609375,13367.130751953126,13398.69099609375,272088
2019-11-21,13275.373251953126,13601.89099609375,13254.291748046875,13574.649248046875,286942
2019-11-23,13085.508251953126,13182.72650390625,13016.99150390625,13131.419248046876,364957
2019-11-26,13011.4675,13218.858251953125,12984.48,13215.42900390625,288391
2019-11-27,12886.435751953126,12982.06650390625,12829.984003906251,12893.80150390625,313037
2019-11-28,12985.4325,13069.12599609375,12860.909248046875,13053.25099609375,359311
2019-11-29,12858.62349609375,12911.58150390625,12800.710751953126,12871.513251953125,0
2019-11-30,12738.1,12863.63900390625,12705.778251953125,12855.38400390625,360649
2019-12-03,13018.57900390625,13049.630751953126,12725.84400390625,12799.18650390625,361493
2019-12-04,12951.96849609375,13062.07650390625,12922.69400390625,13004.03849609375,295078
2019-12-05,13190.98150390625,13202.92,12833.47650390625,12966.128251953125,388239
2019-12-06,13183.171748046876,13261.213496093751,13134.213496093751,13260.959248046875,361863
2019-12-07,13402.31,13470.826748046875,13281.279248046876,13287.120751953125,411176
2019-12-10,13365.48,13409.675751953126,13305.79,13409.612500000001,303397
2019-12-11,13373.1,13462.317500000001,13324.141748046875,13401.04,0
2019-12-12,13459.96849609375,13482.891748046875,13439.520751953125,13480.351748046874,30311
2019-12-14,13443.204248046875,13486.828251953126,13391.95900390625,13480.669248046876,297697
2019-12-17,13312.394248046876,13519.785,13289.343251953125,13471.905751953125,267641
2019-12-18,13439.775,13457.237500000001,13259.498251953126,13273.91349609375,258000
2019-12-19,13431.900751953126,13527.53150390625,13376.529248046876,13506.32349609375,378727
2019-12-20,13483.209248046875,13521.055,13408.025,13437.36150390625,0
2019-12-21,13566.394248046876,13582.84099609375,13501.56099609375,13517.880000000001,334726
2019-12-24,13669.51849609375,13683.869248046874,13574.775751953126,13628.6875,266042
2019-12-25,13533.374248046875,13640.87900390625,13513.87900390625,13639.92650390625,298856
2019-12-26,13462.063251953125,13552.550751953126,13414.18400390625,13552.106748046876,292630
2019-12-27,13368.9725,13520.737500000001,13350.24,13478.06599609375,230598
2019-12-31,13498.32150390625,13510.005751953126,13321.9825,13421.740751953124,0
2020-01-01,13570.71150390625,13582.84099609375,13457.36400390625,13489.241748046876,0
2020-01-02,13625.63900390625,13662.405751953125,13588.80900390625,13600.112500000001,429175
2020-01-03,13790.549248046875,13821.473251953124,13693.58400390625,13727.049248046875,693964
2020-01-04,13813.4725,13871.511748046874,13760.57650390625,13832.966503906251,451174
2020-01-07,13822.362500000001,13895.324248046874,13773.59400390625,13881.989248046875,423827
2020-01-08,13804.265,13831.506748046875,13758.35400390625,13813.91650390625,325369
2020-01-09,13694.28349609375,13742.733251953125,13649.896748046875,13741.971748046875,305126
2020-01-10,13463.46099609375,13617.76599609375,13447.0775,13612.05099609375,329487
2020-01-11,13580.999248046875,13594.778251953125,13461.17400390625,13518.895751953125,329621
2020-01-14,13320.331748046876,13409.73900390625,13303.186748046875,13346.049248046875,395795
2020-01-15,13397.42099609375,13420.28099609375,13123.98900390625,13144.563251953125,440764
2020-01-16,13636.751503906251,13655.294248046876,13412.215751953125,13450.57,349676
2020-01-17,13705.268251953124,13765.02150390625,13651.865,13729.6525,362988
2020-01-18,13722.921748046876,13736.0025,13655.16650390625,13696.315,339708
2020-01-21,13828.20400390625,13843.44400390625,13772.95900390625,13783.564248046876,294100
2020-01-22,13854.049248046875,13862.55849609375,13740.25650390625,13780.64349609375,293830
2020-01-23,13928.470751953126,13951.14099609375,13878.56,13881.798251953125,312650
2020-01-24,13908.659248046875,13922.438251953125,13817.663251953125,13824.204248046875,308350
2020-01-25,13657.58,13923.83599609375,13638.08599609375,13899.1975,389898
2020-01-28,13542.645,13693.520751953125,13524.5475,13691.74349609375,216568
2020-01-30,13626.90900390625,13649.325,13378.878251953125,13507.021748046875,260275
2020-01-31,13690.345751953126,13759.434248046875,13670.851748046874,13738.73349609375,440312
2020-02-01,13792.07349609375,13834.87150390625,13737.78099609375,13742.606748046876,252748
2020-02-04,13795.438251953125,13872.908251953126,13783.564248046876,13859.764248046875,178746
2020-02-06,13706.475,13837.09400390625,13633.513251953125,13803.439003906251,317306
2020-02-07,13553.7575,13733.843251953125,13539.7875,13711.935751953126,291476
2020-02-08,13623.734003906251,13641.133251953126,13498.38599609375,13588.619248046874,305659
2020-02-11,13680.185751953126,13761.656748046875,13652.69099609375,13722.15900390625,262398
2020-02-12,13718.730996093751,13739.431748046874,13631.2275,13698.5375,277288
2020-02-13,13786.04099609375,13805.40849609375,13651.73849609375,13795.24849609375,339108
2020-02-14,13743.43150390625,13791.37400390625,13718.285751953124,13791.37400390625,256363
2020-02-15,13709.586748046875,13779.69099609375,13639.03849609375,13760.1325,262165
2020-02-18,13636.751503906251,13726.16,13579.28400390625,13724.89,289465
2020-02-19,13826.235751953125,13839.126748046876,13687.488251953126,13687.488251953126,303792
2020-02-20,13830.680751953125,13878.75099609375,13813.66349609375,13842.55599609375,276233
2020-02-21,13849.604248046875,13881.92599609375,13772.70599609375,13869.47900390625,276387
2020-02-22,13851.826748046875,13878.814248046876,13782.294248046876,13861.859003906251,317464
2020-02-25,13921.54900390625,13954.061748046875,13824.9025,13867.57400390625,299417
2020-02-26,13871.8925,13906.245751953125,13797.47099609375,13906.245751953125,302641
2020-02-27,13756.005000000001,13899.895751953125,13731.176748046875,13882.433251953125,298164
2020-02-28,13779.245751953125,13800.58150390625,13714.28599609375,13771.943251953126,351902
2020-02-29,13691.298251953125,13883.259248046876,13660.691748046875,13791.8825,479893
2020-03-03,13540.168251953126,13721.651748046876,13501.306748046874,13706.411748046876,403264
2020-03-04,13528.294248046876,13576.74400390625,13441.23599609375,13530.199248046874,368421
2020-03-05,13527.785751953124,13601.954248046875,13478.31900390625,13591.8575,410208
2020-03-06,13755.306748046874,13764.323251953125,13561.758251953126,13576.998251953126,584634
2020-03-07,13834.93599609375,13948.981748046876,13733.081748046876,13781.21400390625,476553
2020-03-10,13858.5575,13878.43349609375,13733.97099609375,13813.4725,314734
2020-03-11,13886.62400390625,13915.009248046876,13826.109248046876,13853.98599609375,272732
2020-03-12,14049.311748046875,14062.20150390625,13922.629248046875,13925.67650390625,295141
2020-03-13,14058.13849609375,14119.98650390625,14025.37150390625,14059.471748046875,257264
2020-03-14,13898.37150390625,14022.324248046874,13875.321748046876,13999.845,349907
2020-03-17,13828.775751953126,13882.24349609375,13788.51650390625,13882.24349609375,289851
2020-03-18,13755.87849609375,13856.84349609375,13746.225751953125,13817.219248046875,284460
2020-03-20,13647.483251953125,13706.729248046875,13612.8125,13698.34650390625,637792
2020-03-21,13619.98849609375,13697.9025,13487.90849609375,13690.9175,503456
2020-03-24,13514.006748046875,13665.07349609375,13498.06849609375,13638.08599609375,348774
2020-03-25,13467.52400390625,13618.01900390625,13443.775996093751,13508.609248046876,295317
2020-03-26,13634.021748046875,13655.929248046876,13520.92849609375,13532.421748046876,292882
2020-03-27,13703.109003906251,13727.23900390625,13616.305,13645.00650390625,283142
2020-03-28,13705.39599609375,13717.968251953125,13663.168496093751,13694.029248046876,389724
2020-03-31,13817.72650390625,13826.61650390625,13700.823251953125,13732.8275,377094
2020-04-01,13760.830751953124,13828.7125,13626.210751953126,13684.630751953126,401012
2020-04-02,13724.445996093751,13893.419248046876,13654.024248046875,13819.124248046875,387281
2020-04-03,13706.475,13799.439248046876,13696.75900390625,13799.439248046876,648302
2020-04-04,13796.645,13814.93349609375,13745.33650390625,13770.16599609375,297814
2020-04-08,13954.061748046875,13963.52349609375,13737.59,13798.359003906251,364397
2020-04-09,14037.31,14049.120751953125,13968.53900390625,14001.55900390625,386867
2020-04-10,14043.914248046874,14083.093251953125,14004.41650390625,14068.996748046875,330135
2020-04-11,14014.95849609375,14032.23,13981.366748046876,14019.33900390625,327604
2020-04-14,14183.423251953125,14199.74349609375,14046.00900390625,14057.3125,364032
2020-04-15,14352.524248046875,14376.90849609375,14258.29,14263.814003906251,392762
2020-04-16,14403.959248046875,14417.420751953125,14321.28150390625,14384.274248046875,397219
2020-04-17,14405.9275,14456.981748046876,14368.4625,14455.775,286763
2020-04-18,14512.09900390625,14588.49,14440.915751953125,14448.59900390625,449617
2020-04-21,14556.994248046874,14643.29099609375,14493.875,14571.78900390625,317290
2020-04-22,14646.14849609375,14660.689003906251,14543.0875,14605.380751953126,327118
2020-04-23,14631.733251953125,14676.24650390625,14608.93650390625,14672.75400390625,353344
2020-04-25,14550.26349609375,14697.455751953124,14521.878251953125,14667.484248046876,379051
2020-04-28,14419.897500000001,14472.47599609375,14365.73150390625,14472.47599609375,286892
2020-04-29,14583.7275,14600.8725,14417.611748046875,14446.504248046875,271865
2020-04-30,14535.213251953126,14663.674248046875,14494.51,14644.941748046875,341243
2020-05-01,14693.9,14717.395,14544.611748046875,14558.83599609375,510701
2020-05-05,14819.820996093751,14907.38650390625,14788.8325,14814.804248046876,378426
2020-05-06,14875.764248046875,14896.27400390625,14802.92900390625,14873.668251953126,381559
2020-05-07,14787.816748046875,14936.47,14769.02099609375,14903.830751953124,377944
2020-05-08,14729.460000000001,14811.438251953125,14680.184248046875,14808.454248046875,357320
2020-05-09,14815.756748046875,14845.855996093751,14744.065,14780.76849609375,270847
2020-05-12,14737.715,14872.080751953124,14667.35650390625,14864.52400390625,259033
2020-05-13,14823.376748046876,14838.55349609375,14693.519248046876,14747.303251953124,301932
2020-05-14,14712.060751953126,14833.663251953125,14696.1225,14791.49900390625,370645
2020-05-15,14727.809248046875,14740.509248046876,14669.198251953125,14722.538251953125,269109
2020-05-16,14787.181748046874,14804.83400390625,14705.075751953125,14748.31900390625,244627
2020-05-19,14846.74400390625,14864.841503906251,14793.2775,14817.09,287772
2020-05-20,14969.68099609375,14999.906748046875,14899.068251953126,14904.974248046876,368430
2020-05-22,14926.055751953125,15057.31099609375,14907.895,15057.31099609375,330534
2020-05-26,14724.951748046875,14893.353251953125,14711.616748046876,14893.353251953125,250743
2020-05-27,14701.456748046876,14790.356748046876,14687.295751953125,14748.446748046876,263627
2020-05-28,14892.21099609375,14910.87900390625,14705.13900390625,14733.905,329749
2020-05-29,14785.085751953126,14981.8725,14762.860751953125,14904.339248046876,580251
2020-05-30,14928.40599609375,14938.883496093751,14810.4225,14838.362500000001,327933
2020-06-03,14920.150996093751,14930.4375,14802.99349609375,14920.9125,546310
2020-06-05,14890.4325,14972.410751953124,14858.428251953124,14891.448251953125,380648
2020-06-06,14874.5575,14949.043496093751,14858.17400390625,14887.70150390625,313291
2020-06-09,14729.7775,14773.338251953126,14695.61400390625,14739.365751953124,305903
2020-06-10,14602.33349609375,14804.453251953126,14585.251748046876,14797.405,328994
2020-06-11,14426.501748046876,14578.45650390625,14410.626748046876,14577.949248046874,386218
2020-06-12,14353.285751953124,14424.15150390625,14293.913251953125,14379.44849609375,382483
2020-06-13,14324.20349609375,14409.165751953125,14288.833251953125,14368.97099609375,394012
2020-06-16,14158.214248046876,14351.254248046875,14129.51150390625,14298.549248046875,346652
2020-06-17,14252.003251953125,14344.3325,14107.540751953125,14162.59599609375,405397
2020-06-18,14169.39,14334.235751953125,14143.926748046875,14315.059248046875,422622
2020-06-19,14296.51650390625,14327.568251953126,14152.05400390625,14199.04400390625,360770
2020-06-20,14487.08099609375,14511.21099609375,14300.00900390625,14302.61349609375,414136
2020-06-23,15021.8775,15043.404248046876,14721.459248046875,14797.91349609375,469742
2020-06-24,14870.55650390625,15092.108251953125,14837.155751953125,15066.83599609375,388333
2020-06-25,14907.133496093751,14966.695751953126,14836.64849609375,14894.496748046875,347760
2020-06-26,14804.453251953126,15292.26099609375,14750.415,15114.650751953126,589072
2020-06-27,15042.00650390625,15060.93,14805.78650390625,14919.960000000001,360296
2020-06-30,15144.4325,15185.58099609375,15001.74849609375,15056.485,352799
2020-07-01,15149.5125,15187.358251953125,15068.42349609375,15187.10400390625,580995
2020-07-02,15063.59650390625,15153.51349609375,15032.735751953125,15120.365751953124,316762
2020-07-03,15171.293496093751,15200.058251953125,15061.43849609375,15068.930751953125,430284
2020-07-04,15141.955751953124,15289.8475,15023.401748046876,15239.745751953125,447111
2020-07-07,15352.458251953125,15370.873251953126,15138.52650390625,15181.2625,303170
2020-07-08,15267.49599609375,15360.904248046876,15247.42900390625,15306.86599609375,280555
2020-07-10,15041.5625,15290.545751953125,15024.4175,15290.545751953125,421998
2020-07-11,15075.72599609375,15109.825,14947.265,15068.804248046876,294723
2020-07-14,15141.829248046875,15208.313251953125,15077.1225,15157.32349609375,315028
2020-07-15,15196.31150390625,15240.44400390625,15118.52400390625,15189.00900390625,342215
2020-07-16,15120.874248046875,15192.311748046875,15070.26400390625,15192.311748046875,278265
2020-07-17,15130.843251953125,15152.814003906251,15007.653251953125,15079.85349609375,449875
2020-07-18,15015.590751953125,15128.04900390625,14983.079248046875,15125.82650390625,393771
2020-07-21,14823.63099609375,15041.943251953126,14805.3425,15041.880000000001,286550
2020-07-22,14848.205,14893.544248046876,14784.26099609375,14829.853251953125,374970
2020-07-23,14848.141748046875,14989.175000000001,14763.876503906251,14915.451748046875,454022
2020-07-24,15026.3225,15041.245,14776.513251953125,14800.13599609375,452520
2020-07-25,14889.60650390625,15021.496748046875,14865.47650390625,15021.05150390625,469799
2020-07-28,14858.55599609375,14927.58,14821.154248046876,14891.765751953126,280297
2020-07-29,14981.491748046876,15004.28849609375,14796.77,14834.87,300397
2020-07-30,15046.388251953125,15077.24900390625,14932.088251953126,14945.55099609375,334254
2020-07-31,15038.768251953124,15127.16099609375,15012.733251953125,15063.279003906251,486302
2020-08-01,14971.83900390625,15077.059248046875,14954.885,15063.66099609375,315182
2020-08-04,15069.31150390625,15093.50599609375,15025.115751953124,15036.67349609375,270017
2020-08-05,15126.080751953124,15135.161748046876,15004.669248046876,15100.680751953125,363094
2020-08-06,15134.272500000001,15170.404248046876,15096.553251953124,15153.83099609375,343413
2020-08-07,15172.3725,15200.9475,15143.03599609375,15149.575751953125,344761
2020-08-08,15000.16099609375,15216.8225,14983.33349609375,15195.2325,522653
2020-08-11,14679.421503906251,14950.31349609375,14634.590751953125,14948.40849609375,466030
2020-08-12,14675.99349609375,14709.838251953126,14555.47,14645.13150390625,426894
2020-08-13,14603.60349609375,14723.999248046875,14574.07599609375,14650.91099609375,337066
2020-08-14,14710.28349609375,14730.73,14629.765,14683.041748046875,307927
2020-08-15,14671.675000000001,14782.228251953125,14654.02150390625,14733.46099609375,360674
2020-08-18,14717.20400390625,14755.36849609375,14646.020751953125,14750.7325,382109
2020-08-19,14811.501503906251,14820.963251953126,14698.916748046875,14727.74599609375,476207
2020-08-20,14843.125,14867.445996093751,14796.96099609375,14821.8525,482524
2020-08-21,14728.06349609375,14829.980996093751,14709.64849609375,14828.01150390625,489389
2020-08-22,14502.4475,14783.24400390625,14477.110751953125,14767.496748046875,429046
2020-08-25,14409.674248046875,14475.650996093751,14352.5875,14468.91900390625,505416
2020-08-26,14390.433251953125,14475.650996093751,14354.555751953125,14442.7575,443405
2020-08-27,14314.550751953126,14426.8825,14261.845751953126,14379.511748046874,398050
2020-08-28,14290.230996093751,14428.97849609375,14273.97400390625,14338.80849609375,534246
2020-08-29,14331.060751953126,14360.65150390625,14236.763251953125,14284.261748046874,504170
2020-09-01,14210.284248046875,14364.906748046875,14163.54849609375,14360.525,480383
2020-09-02,14078.45849609375,14309.661748046876,14062.26599609375,14241.399248046875,477097
2020-09-03,14119.86,14154.530751953125,13969.23849609375,14013.243251953125,521907
2020-09-04,13944.6,14067.4725,13818.87,14046.454248046875,494631
2020-09-05,13966.63400390625,14071.79099609375,13778.166748046875,13881.480751953126,551699
2020-09-08,13795.501503906251,13837.665751953125,13693.90150390625,13837.665751953125,521935
2020-09-09,13904.2775,13993.558251953125,13733.525751953126,13735.55849609375,521775
2020-09-10,13786.485,13939.07599609375,13761.59349609375,13916.78650390625,527816
2020-09-11,14011.211748046875,14043.723251953124,13770.546748046876,13841.984248046876,497629
2020-09-12,14109.25599609375,14200.441748046875,14049.755751953126,14081.633496093751,551316
2020-09-16,13875.82900390625,14155.293496093751,13845.03150390625,14147.03849609375,613372
2020-09-17,14007.338496093751,14069.25099609375,13888.21150390625,13974.1275,508608
2020-09-19,14030.705751953124,14057.18599609375,13873.860751953125,14025.43599609375,486238
2020-09-22,14038.45349609375,14156.56349609375,14018.06900390625,14090.395751953125,365141
2020-09-23,13991.59,14066.900751953126,13951.330751953124,14051.15349609375,438856
2020-09-24,13866.749248046875,14013.434248046875,13851.445996093751,13993.05099609375,554873
2020-09-25,13641.51400390625,13853.4775,13612.240751953124,13849.730751953126,682138
2020-09-26,13753.27400390625,13795.438251953125,13509.18099609375,13588.49150390625,675134
2020-09-29,14043.46900390625,14059.280751953125,13660.818251953126,13970.380751953126,698268
2020-09-30,14103.79400390625,14150.022500000001,14032.865,14105.318251953126,710148
2020-10-01,14028.546503906251,14134.65599609375,13954.31599609375,14098.650751953126,536144
2020-10-02,13904.340751953125,13996.796503906251,13871.44849609375,13964.983251953125,641976
2020-10-03,13999.5275,14024.10150390625,13810.995751953125,13954.505751953126,629230
2020-10-07,13713.33349609375,13928.725,13681.329248046875,13920.406748046875,478510
2020-10-08,13772.70599609375,13790.612500000001,13647.86400390625,13703.80849609375,527119
2020-10-09,13776.83349609375,13868.52650390625,13736.32,13793.406748046875,608998
2020-10-10,13901.674248046875,13915.453251953126,13801.661748046876,13822.425751953126,492706
2020-10-13,13973.873251953126,14006.63900390625,13830.045751953125,13889.609248046876,406318
2020-10-15,14015.339248046876,14039.595751953126,13984.79599609375,14006.195,703290
2020-10-16,13948.155751953125,14073.8225,13925.486748046875,14044.040751953125,551679
2020-10-17,14066.39349609375,14077.251748046876,13901.1025,13953.235751953125,644421
2020-10-20,13974.445,14036.929248046876,13929.614248046875,13963.45900390625,421638
2020-10-21,13738.35150390625,13970.126503906251,13711.555,13970.126503906251,468697
2020-10-22,13767.62599609375,13824.14099609375,13722.15900390625,13808.455751953124,500627
2020-10-23,13595.095751953126,13773.404248046876,13551.2175,13773.404248046876,643025
2020-10-24,14318.234248046876,14455.01349609375,13577.57,13648.435751953126,1384343
2020-10-27,14732.254248046875,14852.45900390625,14568.61400390625,14659.229248046875,877761
2020-10-28,14717.014248046875,14801.913251953125,14654.784248046875,14720.189248046876,641884
2020-10-29,14529.054248046876,14687.486748046875,14498.44650390625,14687.359003906251,643811
2020-10-30,14695.424248046875,14745.779003906251,14562.26400390625,14566.70900390625,812769
2020-10-31,14620.74849609375,14723.87150390625,14604.6825,14676.564003906251,651692
2020-11-03,14572.551748046875,14615.4775,14466.315751953125,14593.76099609375,735835
2020-11-04,14427.07349609375,14673.834248046875,14284.83349609375,14624.55849609375,1325724
2020-11-06,14368.78,14440.40849609375,14296.83400390625,14379.2575,989012
2020-11-07,14191.9325,14478.380751953126,14171.10400390625,14463.331748046876,949549
2020-11-10,14130.52849609375,14266.98900390625,14113.06599609375,14219.174248046875,707160
2020-11-12,14367.890751953126,14378.43150390625,14084.49099609375,14164.246748046875,717624
2020-11-13,14267.878251953125,14342.55400390625,14234.858251953125,14326.235,549033
2020-11-14,14357.413251953125,14430.883496093751,14210.53849609375,14297.279248046876,738427
2020-11-17,14403.26099609375,14503.971748046875,14338.363251953126,14396.59349609375,594741
2020-11-18,14513.940751953125,14557.18400390625,14404.466503906251,14428.279003906251,528473
2020-11-19,14559.28,14580.933251953125,14492.09650390625,14560.486748046875,513904
2020-11-20,14714.66400390625,14730.85650390625,14528.355996093751,14562.200751953125,809160
2020-11-21,14810.54900390625,14839.569248046875,14672.50099609375,14706.980751953126,824698
2020-11-25,14717.20400390625,14877.22400390625,14698.53599609375,14804.58099609375,843423
2020-11-26,14737.20650390625,14797.53150390625,14674.088496093751,14727.174248046875,664581
2020-11-27,14709.90150390625,14833.091503906251,14649.00599609375,14810.29599609375,687045
2020-11-28,14711.55349609375,14791.56349609375,14593.2525,14790.61099609375,795062
2020-12-02,14969.29900390625,14997.93849609375,14766.734003906251,14787.816748046875,985608
2020-12-03,15042.00650390625,15092.616748046876,14966.251748046876,15092.55349609375,709062
2020-12-04,15084.361748046875,15170.15,15055.97650390625,15100.871748046875,1459520
2020-12-05,15101.06150390625,15136.240751953124,15041.05400390625,15095.98150390625,824130
2020-12-08,15165.450751953125,15226.22099609375,15119.79400390625,15149.70349609375,805547
2020-12-09,15134.844248046875,15213.266748046875,15064.61349609375,15207.74150390625,638684
2020-12-10,15196.883251953126,15243.68349609375,15049.817500000001,15127.605,581196
2020-12-11,15255.303251953124,15267.17849609375,15172.49900390625,15266.796503906251,553043
2020-12-12,15123.35099609375,15283.37099609375,15098.7125,15223.68099609375,775021
2020-12-15,15130.081748046876,15154.46599609375,15054.516748046875,15086.584248046875,536483
2020-12-17,15037.371748046875,15172.435751953126,15015.464248046876,15123.540751953125,656944
2020-12-18,15077.56650390625,15107.47599609375,14989.36599609375,15060.612500000001,549212
2020-12-19,15107.221748046875,15206.53599609375,15086.647500000001,15118.334248046875,589926
2020-12-22,15093.315,15171.674248046875,15071.85150390625,15132.24099609375,530563
2020-12-23,15163.92650390625,15187.73900390625,15089.8225,15137.701748046875,616938
2020-12-24,15238.85650390625,15289.02150390625,15196.883251953126,15246.0325,668478
2020-12-25,15199.86849609375,15275.814248046876,15185.26349609375,15272.57599609375,571473
2020-12-26,15131.28849609375,15199.48650390625,15092.045,15198.470751953126,472819
2020-12-29,15333.6625,15347.315,15138.0825,15141.511748046874,529920
2020-12-30,15287.879248046875,15408.211748046875,15248.064003906251,15379.954248046875,1160929
2020-12-31,15367.889248046875,15385.92349609375,15310.04099609375,15326.995,597538
2021-01-01,15431.96099609375,15441.675751953126,15366.936748046875,15407.76650390625,633351
2021-01-02,15311.183251953125,15427.19849609375,15262.09849609375,15425.674248046875,821473
2021-01-05,15301.214248046876,15414.18099609375,15270.099248046876,15414.053251953124,692786
2021-01-06,15232.634248046876,15327.12150390625,15184.62849609375,15325.91599609375,592499
2021-01-07,15294.864248046875,15309.469248046875,15157.830751953124,15201.836748046875,776916
2021-01-08,15263.36849609375,15343.124248046875,15238.4125,15330.487500000001,573718
2021-01-09,15140.305,15312.453251953126,15098.83900390625,15300.13400390625,622013
2021-01-12,15160.625,15217.076748046875,15097.823251953125,15162.65650390625,621862
2021-01-13,15058.135751953125,15180.564248046876,15042.769248046876,15177.135,634841
2021-01-14,15125.89099609375,15142.464248046876,15027.020751953125,15071.53400390625,1025508
2021-01-15,15204.185751953126,15246.985,15156.18,15169.260751953125,767741
2021-01-16,15350.109248046876,15365.53900390625,15269.97150390625,15273.52849609375,592317
2021-01-19,15308.516748046875,15411.00599609375,15298.800751953126,15406.814003906251,450068
2021-01-20,15449.550000000001,15472.0925,15329.34400390625,15344.711748046875,512685
2021-01-21,15521.49599609375,15541.879248046875,15447.581748046876,15490.19,523093
2021-01-22,15569.819248046875,15580.80400390625,15482.76099609375,15523.71849609375,630210
2021-01-23,15585.185751953126,15613.25349609375,15560.9925,15578.391748046875,823773
2021-01-26,15573.692500000001,15604.68099609375,15510.8275,15539.021748046875,608597
2021-01-27,15512.478251953125,15600.299248046875,15496.66650390625,15581.9475,456849
2021-01-29,15400.718251953125,15521.368251953125,15390.939003906251,15509.04900390625,515343
2021-01-30,15552.165751953125,15568.231748046876,15440.53349609375,15459.58349609375,396210
2021-02-02,15564.92900390625,15603.791748046875,15511.525751953126,15589.12349609375,420756
